series,model,origin,mae
s0,seasonal_naive,2760,1.0386433333333336
s0,seasonal_naive,2784,2.4106565416666665
s0,seasonal_naive,2808,1.38269475
s0,seasonal_naive,2832,1.7189952500000005
s0,seasonal_naive,2856,1.985097333333333
s0,seasonal_naive,2880,2.043546041666667
s0,seasonal_naive,2904,1.6253969166666664
s0,seasonal_naive,2928,1.5480778333333334
s0,seasonal_naive,2952,1.7853585833333332
s0,seasonal_naive,2976,2.0703248750000003
s0,daily_naive,2760,2.9623207916666665
s0,daily_naive,2784,2.838942708333333
s0,daily_naive,2808,2.001847833333334
s0,daily_naive,2832,2.490613125
s0,daily_naive,2856,4.202911875000001
s0,daily_naive,2880,2.2594779999999997
s0,daily_naive,2904,1.9456095833333336
s0,daily_naive,2928,3.3667730416666664
s0,daily_naive,2952,2.210485375
s0,daily_naive,2976,2.3361931249999994
s1,seasonal_naive,2832,4.183267
s1,seasonal_naive,2856,2.3004024583333327
s1,seasonal_naive,2880,4.182902625000001
s1,seasonal_naive,2904,3.2370243749999994
s1,seasonal_naive,2928,4.659798083333333
s1,seasonal_naive,2952,3.7795247083333336
s1,seasonal_naive,2976,2.8742037499999995
s1,seasonal_naive,3000,3.7783440833333337
s1,seasonal_naive,3024,3.5988057500000004
s1,seasonal_naive,3048,4.369001791666667
s1,daily_naive,2832,4.572358125
s1,daily_naive,2856,7.045766583333333
s1,daily_naive,2880,5.7990356666666685
s1,daily_naive,2904,3.8088629583333327
s1,daily_naive,2928,9.071451041666668
s1,daily_naive,2952,6.5848840000000015
s1,daily_naive,2976,4.646474541666666
s1,daily_naive,3000,4.8214616249999995
s1,daily_naive,3024,7.618529
s1,daily_naive,3048,5.846120791666668
s2,seasonal_naive,2904,7.847879500000002
s2,seasonal_naive,2928,6.304345458333334
s2,seasonal_naive,2952,8.921803041666667
s2,seasonal_naive,2976,8.199809375000001
s2,seasonal_naive,3000,7.119150083333333
s2,seasonal_naive,3024,7.176247583333331
s2,seasonal_naive,3048,7.447999541666668
s2,seasonal_naive,3072,6.695314125
s2,seasonal_naive,3096,7.318898041666668
s2,seasonal_naive,3120,12.132734
s2,daily_naive,2904,9.331339749999998
s2,daily_naive,2928,15.886578500000004
s2,daily_naive,2952,11.35842266666667
s2,daily_naive,2976,11.946015375000002
s2,daily_naive,3000,10.712372250000001
s2,daily_naive,3024,17.91127075
s2,daily_naive,3048,13.080022083333333
s2,daily_naive,3072,10.341922916666666
s2,daily_naive,3096,14.800214083333332
s2,daily_naive,3120,15.897279291666669
s3,seasonal_naive,2976,21.891180291666668
s3,seasonal_naive,3000,16.187957124999997
s3,seasonal_naive,3024,20.801010208333334
s3,seasonal_naive,3048,19.17213595833333
s3,seasonal_naive,3072,18.889700249999994
s3,seasonal_naive,3096,17.762299374999998
s3,seasonal_naive,3120,17.841823333333338
s3,seasonal_naive,3144,20.212294375000003
s3,seasonal_naive,3168,18.83763695833333
s3,seasonal_naive,3192,14.449714416666666
s3,daily_naive,2976,20.76303970833333
s3,daily_naive,3000,22.200195874999995
s3,daily_naive,3024,33.04284416666666
s3,daily_naive,3048,30.86852941666666
s3,daily_naive,3072,23.253434624999997
s3,daily_naive,3096,37.457665125
s3,daily_naive,3120,33.02065675
s3,daily_naive,3144,16.010709083333335
s3,daily_naive,3168,28.22279995833333
s3,daily_naive,3192,26.583942875
s4,seasonal_naive,3048,38.16719883333334
s4,seasonal_naive,3072,34.363222375
s4,seasonal_naive,3096,34.613901166666665
s4,seasonal_naive,3120,35.95278362500001
s4,seasonal_naive,3144,28.196466125
s4,seasonal_naive,3168,44.56486216666667
s4,seasonal_naive,3192,40.051245125
s4,seasonal_naive,3216,30.13611366666666
s4,seasonal_naive,3240,37.60147954166666
s4,seasonal_naive,3264,31.982637416666652
s4,daily_naive,3048,75.72394704166665
s4,daily_naive,3072,48.3395265
s4,daily_naive,3096,72.01764175
s4,daily_naive,3120,52.14420033333334
s4,daily_naive,3144,51.161965583333334
s4,daily_naive,3168,53.8432795
s4,daily_naive,3192,93.02835966666665
s4,daily_naive,3216,57.74023450000001
s4,daily_naive,3240,44.683328375
s4,daily_naive,3264,64.294103125
s5,seasonal_naive,3120,63.49970000000001
s5,seasonal_naive,3144,66.21012479166667
s5,seasonal_naive,3168,84.232062
s5,seasonal_naive,3192,98.63304512500001
s5,seasonal_naive,3216,71.70748641666668
s5,seasonal_naive,3240,85.90830879166667
s5,seasonal_naive,3264,83.88504841666665
s5,seasonal_naive,3288,66.53647483333333
s5,seasonal_naive,3312,61.750018250000004
s5,seasonal_naive,3336,104.70369175
s5,daily_naive,3120,135.44850804166666
s5,daily_naive,3144,75.88884987499999
s5,daily_naive,3168,114.22497549999999
s5,daily_naive,3192,150.90403845833336
s5,daily_naive,3216,118.92553837500002
s5,daily_naive,3240,111.64191462499998
s5,daily_naive,3264,150.63704987499997
s5,daily_naive,3288,123.89129104166669
s5,daily_naive,3312,92.12070229166666
s5,daily_naive,3336,105.34634533333336
s6,seasonal_naive,3192,180.87448295833337
s6,seasonal_naive,3216,194.61933583333334
s6,seasonal_naive,3240,193.09903962500002
s6,seasonal_naive,3264,164.53806991666661
s6,seasonal_naive,3288,171.33576795833332
s6,seasonal_naive,3312,192.43745270833332
s6,seasonal_naive,3336,186.06309341666665
s6,seasonal_naive,3360,181.37497983333336
s6,seasonal_naive,3384,221.409889625
s6,seasonal_naive,3408,148.89001399999998
s6,daily_naive,3192,369.66566116666667
s6,daily_naive,3216,282.77238841666673
s6,daily_naive,3240,140.74765224999993
s6,daily_naive,3264,282.696875875
s6,daily_naive,3288,326.06202925
s6,daily_naive,3312,233.88902279166663
s6,daily_naive,3336,256.93366058333334
s6,daily_naive,3360,311.40581683333335
s6,daily_naive,3384,324.12329937500004
s6,daily_naive,3408,206.030863875
s7,seasonal_naive,3264,349.15518245833346
s7,seasonal_naive,3288,298.81957654166666
s7,seasonal_naive,3312,259.1378886250001
s7,seasonal_naive,3336,328.33983016666673
s7,seasonal_naive,3360,292.94395554166675
s7,seasonal_naive,3384,410.02917874999997
s7,seasonal_naive,3408,354.97047549999996
s7,seasonal_naive,3432,383.1007858333334
s7,seasonal_naive,3456,366.5719659583333
s7,seasonal_naive,3480,313.21361974999996
s7,daily_naive,3264,673.6099400416667
s7,daily_naive,3288,690.7535444583333
s7,daily_naive,3312,305.45127491666665
s7,daily_naive,3336,583.7195719166667
s7,daily_naive,3360,743.0018424166666
s7,daily_naive,3384,510.3033403333333
s7,daily_naive,3408,334.0578538333334
s7,daily_naive,3432,723.7457042916667
s7,daily_naive,3456,595.6812450000001
s7,daily_naive,3480,430.16524062499997
s8,seasonal_naive,3336,1020.2061305833332
s8,seasonal_naive,3360,743.6311204999998
s8,seasonal_naive,3384,682.6362752916666
s8,seasonal_naive,3408,935.51459025
s8,seasonal_naive,3432,746.1148072916666
s8,seasonal_naive,3456,756.4581620416666
s8,seasonal_naive,3480,728.7027097916667
s8,seasonal_naive,3504,1262.2507062083332
s8,seasonal_naive,3528,672.3150657499999
s8,seasonal_naive,3552,832.085957375
s8,daily_naive,3336,1360.6919869166668
s8,daily_naive,3360,1615.6211701666664
s8,daily_naive,3384,972.0519234583331
s8,daily_naive,3408,1098.8671067916666
s8,daily_naive,3432,1576.3565810833334
s8,daily_naive,3456,1441.9370479583333
s8,daily_naive,3480,1037.2191424999999
s8,daily_naive,3504,1198.66871825
s8,daily_naive,3528,1960.860860625
s8,daily_naive,3552,773.6904623333334
s9,seasonal_naive,3408,1469.191288916667
s9,seasonal_naive,3432,1632.080556208334
s9,seasonal_naive,3456,1918.6589757916665
s9,seasonal_naive,3480,2140.197110708333
s9,seasonal_naive,3504,2235.625637208333
s9,seasonal_naive,3528,1379.7946250833331
s9,seasonal_naive,3552,1594.242072291666
s9,seasonal_naive,3576,1444.8502379583333
s9,seasonal_naive,3600,1642.3080017916673
s9,seasonal_naive,3624,1763.3703966666665
s9,daily_naive,3408,2279.7021645000004
s9,daily_naive,3432,3105.1125623333332
s9,daily_naive,3456,3494.5709916250003
s9,daily_naive,3480,2246.9598114166665
s9,daily_naive,3504,2909.0540672500006
s9,daily_naive,3528,4007.2235412916666
s9,daily_naive,3552,2390.904504541666
s9,daily_naive,3576,1540.8153406666668
s9,daily_naive,3600,3703.09035825
s9,daily_naive,3624,3142.8630289166667
